arm,arm_label,n_tokens,replicate,wall_s,energy_counter_j,whole_trapezoid_j,gen_start_s_th50,gen_energy_j_th50,gen_energy_j_th40,gen_energy_j_th55,gen_energy_j_th60,load_energy_j,load_share_pct
f16,F16,64,1,7.485,740.528,644.78,6.465,262.2,277.72,246.08,225.84,478.33,64.6
f16,F16,64,2,6.784,674.81,589.12,5.695,268.92,283.1,252.4,235.37,405.89,60.1
f16,F16,64,3,7.123,707.635,609.12,6.112,259.35,274.37,243.66,223.83,448.28,63.3
f16,F16,64,4,7.217,728.472,626.77,6.226,256.91,272.67,238.76,238.76,471.56,64.7
f16,F16,64,5,6.467,660.43,581.81,5.311,283.55,296.48,267.01,248.11,376.88,57.1
f16,F16,320,1,11.276,1954.628,1877.81,5.815,1561.01,1588.88,1543.9,1543.9,393.62,20.1
f16,F16,320,2,11.678,1968.501,1871.46,6.341,1544.7,1571.63,1527.67,1527.67,423.8,21.5
f16,F16,320,3,11.872,1977.215,1891.06,6.449,1550.13,1562.91,1533.8,1515.32,427.08,21.6
f16,F16,320,4,11.635,1969.121,1878.51,6.289,1545.57,1573.87,1545.57,1528.21,423.55,21.5
f16,F16,320,5,10.835,1928.157,1843.42,5.475,1553.53,1582.24,1553.53,1537.7,374.63,19.4
f16,F16,576,1,16.201,3237.384,3143.01,6.505,2816.79,2843.06,2799.84,2799.84,420.59,13.0
f16,F16,576,2,16.0,3239.046,3136.91,6.253,2833.71,2847.34,2817.97,2801.91,405.34,12.5
f16,F16,576,3,15.544,3206.57,3105.52,5.9,2816.68,2845.52,2816.68,2799.03,389.89,12.2
f16,F16,576,4,15.74,3205.44,3106.42,6.024,2815.5,2829.17,2799.73,2783.62,389.94,12.2
f16,F16,576,5,18.352,3370.941,3287.36,8.577,2812.89,2826.61,2797.07,2780.93,558.05,16.6
q4ours,Q4_0 (ours),64,1,3.395,300.061,211.02,2.908,83.68,231.33,83.68,71.76,216.38,72.1
q4ours,Q4_0 (ours),64,2,3.123,281.526,193.13,2.622,88.92,209.28,88.92,78.21,192.61,68.4
q4ours,Q4_0 (ours),64,3,3.456,303.575,210.43,3.0,78.66,235.97,78.66,78.66,224.91,74.1
q4ours,Q4_0 (ours),64,4,3.454,300.008,214.34,2.991,80.89,232.09,80.89,67.71,219.12,73.0
q4ours,Q4_0 (ours),64,5,3.471,297.718,214.41,2.935,86.4,235.82,74.68,74.68,211.32,71.0
q4ours,Q4_0 (ours),320,1,4.932,780.094,649.7,3.274,540.65,558.49,520.1,520.1,239.44,30.7
q4ours,Q4_0 (ours),320,2,4.684,754.99,619.72,3.095,530.04,565.77,530.04,510.2,224.95,29.8
q4ours,Q4_0 (ours),320,3,5.025,778.261,649.88,3.329,543.63,560.74,523.82,503.52,234.63,30.1
q4ours,Q4_0 (ours),320,4,4.67,756.881,628.21,3.023,538.79,556.47,518.36,497.48,218.09,28.8
q4ours,Q4_0 (ours),320,5,4.979,779.661,649.98,3.312,539.34,554.93,519.33,496.62,240.32,30.8
q4ours,Q4_0 (ours),576,1,6.713,1277.068,1146.9,3.399,1052.73,1068.49,1034.5,1013.75,224.34,17.6
q4ours,Q4_0 (ours),576,2,6.652,1268.606,1145.05,3.321,1050.63,1066.1,1034.48,1014.11,217.98,17.2
q4ours,Q4_0 (ours),576,3,6.214,1244.756,1111.83,3.034,1041.18,1072.07,1041.18,1021.04,203.58,16.4
q4ours,Q4_0 (ours),576,4,6.314,1244.823,1120.56,3.069,1041.11,1057.05,1022.66,1003.78,203.71,16.4
q4ours,Q4_0 (ours),576,5,7.429,1307.787,1180.9,4.117,1037.02,1051.29,1018.75,998.0,270.77,20.7
q4mlperf,Q4_0 (MLPerf Client v2.0 file),64,1,4.588,379.387,293.92,4.043,84.2,321.08,74.52,74.52,295.19,77.8
q4mlperf,Q4_0 (MLPerf Client v2.0 file),64,2,3.166,295.942,201.94,2.692,85.76,230.09,85.76,85.76,210.18,71.0
q4mlperf,Q4_0 (MLPerf Client v2.0 file),64,3,3.221,290.221,199.54,2.758,83.44,211.63,83.44,69.57,206.78,71.2
q4mlperf,Q4_0 (MLPerf Client v2.0 file),64,4,3.185,300.058,208.17,2.71,88.44,233.26,88.44,88.44,211.62,70.5
q4mlperf,Q4_0 (MLPerf Client v2.0 file),64,5,3.47,308.776,216.99,2.94,88.64,237.37,76.85,76.85,220.14,71.3
q4mlperf,Q4_0 (MLPerf Client v2.0 file),320,1,4.802,769.654,638.2,3.093,551.01,566.25,531.36,508.97,218.64,28.4
q4mlperf,Q4_0 (MLPerf Client v2.0 file),320,2,4.904,770.65,647.0,3.263,534.61,569.45,534.61,513.16,236.04,30.6
q4mlperf,Q4_0 (MLPerf Client v2.0 file),320,3,4.923,769.089,638.18,3.289,532.4,550.0,514.09,491.04,236.69,30.8
q4mlperf,Q4_0 (MLPerf Client v2.0 file),320,4,4.678,759.203,623.61,3.069,534.86,569.09,534.86,512.64,224.34,29.5
q4mlperf,Q4_0 (MLPerf Client v2.0 file),320,5,4.587,754.937,617.1,2.904,548.43,565.45,530.59,508.01,206.51,27.4
q4mlperf,Q4_0 (MLPerf Client v2.0 file),576,1,6.485,1249.954,1129.44,3.184,1044.24,1059.72,1028.03,1007.55,205.71,16.5
q4mlperf,Q4_0 (MLPerf Client v2.0 file),576,2,6.659,1272.565,1141.87,3.418,1039.54,1055.74,1020.84,999.65,233.03,18.3
q4mlperf,Q4_0 (MLPerf Client v2.0 file),576,3,6.337,1240.788,1116.13,3.059,1045.63,1061.31,1027.44,1008.79,195.16,15.7
q4mlperf,Q4_0 (MLPerf Client v2.0 file),576,4,6.549,1256.216,1123.39,3.363,1032.0,1062.65,1032.0,1012.15,224.22,17.8
q4mlperf,Q4_0 (MLPerf Client v2.0 file),576,5,6.33,1249.532,1124.1,3.108,1040.6,1072.15,1021.03,1021.03,208.93,16.7
